Loni | Lumpkins | jee.loni10@yahoo.com | Warhammer01

Jack | Williams | jackWllms@gmail.com | Ri4ahnahyei

Ines | Harmon | IHarmon007@gmail.com | YAla909i 

Joanne | Starnes | joanne_orn1999@hotmail.com | lahkaiG7ah 

Wallace | Turley | 'walenore.spin@yahoo.com | weiNg4moh

Balloni | Corn | balloon1corn@gmail.com | Ri4ahnahyei

Jane | Niman | jane1986@hotmail.com | chaivah5Fe

John | Ham | ham_kertzma@gmail.com | i4ahnhye

Orly | Puzin | orlo.quigle5@gmail.com | ahgh2oThee

Rodney | Chong | chralda2013@hotmail.com | Een3fiel

Cody | Benjamin | cobree.strac@yahoo.com | MaNotun0